States,month,Avg_Temperature,Industrial_Index
Punjab,2019-01-01,27.49080237694725,100.5888678884466
Haryana,2019-01-01,39.01428612819832,111.14542354346477
Rajasthan,2019-01-01,34.6398788362281,51.81101838208405
Delhi,2019-01-01,31.973169683940732,137.21239089441514
UP,2019-01-01,23.12037280884873,143.21182824836126
Uttarakhand,2019-01-01,23.119890406724053,106.51331835892088
HP,2019-01-01,21.161672243363988,119.66508238768922
J&K,2019-01-01,37.3235229154987,142.24993811772958
Chandigarh,2019-01-01,32.022300234864176,120.72386343133986
Chhattisgarh,2019-01-01,34.161451555920905,65.25390429142614
Gujarat,2019-01-01,20.411689885916047,107.62883601668132
MP,2019-01-01,39.39819704323989,110.6715046382856
Maharashtra,2019-01-01,36.648852816008436,92.4130671302386
Goa,2019-01-01,24.246782213565524,123.64442356247228
DNH,2019-01-01,23.636499344142013,143.43670147690148
Andhra Pradesh,2019-01-01,23.668090197068675,142.55685129067763
Telangana,2019-01-01,26.084844859190753,95.08393714041321
Karnataka,2019-01-01,30.495128632644757,61.323804584075525
Kerala,2019-01-01,28.638900372842315,148.48411989623344
Tamil Nadu,2019-01-01,25.824582803960837,133.88980864459342
Pondy,2019-01-01,32.23705789444759,62.46626812032669
Bihar,2019-01-01,22.789877213040835,142.08418826173724
Jharkhand,2019-01-01,25.842892970704362,136.98963620621282
Odisha,2019-01-01,27.327236865873836,101.88380571260721
West Bengal,2019-01-01,29.12139968434072,109.12754357449293
Sikkim,2019-01-01,35.70351922786027,89.90027038701302
Arunachal Pradesh,2019-01-01,23.993475643167194,55.47616388220313
Assam,2019-01-01,30.284688768272233,83.51972416459009
Manipur,2019-01-01,31.848291377240848,130.28534485980114
Meghalaya,2019-01-01,20.929008254399953,50.46320230046029
Mizoram,2019-01-01,32.150897038028766,83.34991716911442
Nagaland,2019-01-01,23.41048247374583,89.81686935909434
Tripura,2019-01-01,21.30103185970559,103.7395602937923
Punjab,2019-02-01,38.977710745066666,141.98556164127604
Haryana,2019-02-01,39.31264066149119,84.63459943659612
Rajasthan,2019-02-01,36.167946962329225,84.69532018962278
Delhi,2019-02-01,26.092275383467413,123.75012481097484
UP,2019-02-01,21.95344228012768,95.22179408898072
Uttarakhand,2019-02-01,33.684660530243136,72.4604822939982
HP,2019-02-01,28.803049874792027,95.24395161326933
J&K,2019-02-01,22.440764696895577,64.08570203797998
Chandigarh,2019-02-01,29.903538202225405,67.63869865062233
Chhattisgarh,2019-02-01,20.687770422304368,99.83677727394797
Gujarat,2019-02-01,38.186408041575646,91.89254495045479
MP,2019-02-01,25.17559963200034,141.48459010681
Maharashtra,2019-02-01,33.25044568707964,86.23938991166331
Goa,2019-02-01,26.23422152178822,108.05883502780435
DNH,2019-02-01,30.401360423556216,113.22642879195304
Andhra Pradesh,2019-02-01,30.934205586865595,51.30944565883336
Telangana,2019-02-01,23.69708911051054,116.35373720167107
Karnataka,2019-02-01,39.39169255529117,67.80359668697514
Kerala,2019-02-01,35.502656467222295,146.1070317469455
Tamil Nadu,2019-02-01,38.78997883128378,64.8662727753113
Pondy,2019-02-01,37.89654700855297,91.46241237270237
Bihar,2019-02-01,31.957999576221702,58.534966807864386
Jharkhand,2019-02-01,38.437484700462335,149.68742518459473
Odisha,2019-02-01,21.76985004103839,100.21950103312426
West Bengal,2019-02-01,23.919657248382904,109.53850173200438
Sikkim,2019-02-01,20.90454577821076,56.70764773884275
Arunachal Pradesh,2019-02-01,26.506606615265287,124.99604703991778
Assam,2019-02-01,27.77354579378964,70.99055930955858
Manipur,2019-02-01,25.426980635477918,139.80542894407137
Meghalaya,2019-02-01,36.57475018303859,70.51396404820072
Mizoram,2019-02-01,27.135066533871786,69.06877206636665
Nagaland,2019-02-01,25.618690193747614,53.65496678480949
Tripura,2019-02-01,30.853921663164968,97.20669451099992
Punjab,2019-03-01,22.818484499495252,106.48411332626165
Haryana,2019-03-01,36.043939615080795,56.57086394283524
Rajasthan,2019-03-01,21.491012873595416,127.55276166950105
Delhi,2019-03-01,39.73773873201034,95.32888347480275
UP,2019-03-01,35.44489538593315,102.439026932758
Uttarakhand,2019-03-01,23.974313630683447,94.07627469382282
HP,2019-03-01,20.110442342472048,90.0763060875326
J&K,2019-03-01,36.30922856909668,105.96403313082179
Chandigarh,2019-03-01,34.13714687695234,65.52402459307125
Chhattisgarh,2019-03-01,34.58014336081975,68.1928130495271
Gujarat,2019-03-01,35.42540693371892,136.17856210135173
MP,2019-03-01,21.480893034681806,144.61154621336328
Maharashtra,2019-03-01,27.169314570885454,87.3309316279753
Goa,2019-03-01,22.317381190502594,77.07446731435537
DNH,2019-03-01,37.26206851751187,114.39995432390158
Andhra Pradesh,2019-03-01,32.46596253655116,90.87341710980964
Telangana,2019-03-01,26.617960497052984,52.538635566034486
Karnataka,2019-03-01,21.27116700572047,65.61525973661904
Kerala,2019-03-01,26.219646434313244,121.59722288473975
Tamil Nadu,2019-03-01,26.503666440534943,115.89239419101514
Pondy,2019-03-01,34.59212356676128,52.70959925034835
Bihar,2019-03-01,32.75114942710427,72.19721619329495
Jharkhand,2019-03-01,37.744254851526534,73.10747965880714
Odisha,2019-03-01,29.444298503238986,117.18927435987284
West Bengal,2019-03-01,22.391884918766035,51.97105377543642
Sikkim,2019-03-01,34.2648957444599,60.41085819845738
Arunachal Pradesh,2019-03-01,35.21570097233795,129.99160853731894
Assam,2019-03-01,31.225543951389923,67.85446620543337
Manipur,2019-03-01,35.41934359909122,115.27461078518748
Meghalaya,2019-03-01,29.875911927287817,73.81827810467266
Mizoram,2019-03-01,30.45465658763988,59.94413927593452
Nagaland,2019-03-01,28.550820367170992,74.3172190999454
Tripura,2019-03-01,20.508382534881903,122.22669318556592
Punjab,2019-04-01,22.157828539866088,135.56964681062857
Haryana,2019-04-01,20.628583713734685,133.02198645669915
Rajasthan,2019-04-01,32.72820822527561,89.71835296184548
Delhi,2019-04-01,26.287119621526536,116.80851365706462
UP,2019-04-01,30.171413823294056,70.4984295415821
Uttarakhand,2019-04-01,38.15132947852186,79.31477302610134
HP,2019-04-01,24.9858445829775,139.63358185211197
J&K,2019-04-01,28.207658460712594,51.300192351073605
Chandigarh,2019-04-01,35.11102277086097,58.5508530854468
Chhattisgarh,2019-04-01,24.57596330983245,70.78862551460273
Gujarat,2019-04-01,21.53959819657586,52.65322038738197
MP,2019-04-01,25.79502905827536,68.14354350897973
Maharashtra,2019-04-01,23.22442574508009,108.30415609696922
Goa,2019-04-01,38.59395304685146,92.1424550592498
DNH,2019-04-01,36.16240759128834,139.2671711076975
Andhra Pradesh,2019-04-01,32.66807513020847,131.7443561738441
Telangana,2019-04-01,37.429211803754356,84.1817351697876
Karnataka,2019-04-01,36.07344153798229,75.94234334312925
Kerala,2019-04-01,23.731401177720716,87.96924081672668
Tamil Nadu,2019-04-01,37.85117996979956,109.02949425148077
Pondy,2019-04-01,30.786844838313016,76.80636408228763
Bihar,2019-04-01,36.14880310328125,112.41489078491341
Jharkhand,2019-04-01,37.92182599846986,90.94116521912404
Odisha,2019-04-01,26.360069499437277,105.20471808519802
West Bengal,2019-04-01,22.201038490553536,93.61265291353166
Sikkim,2019-04-01,24.558703250838832,79.44657595419177
Arunachal Pradesh,2019-04-01,28.542155772525128,144.84533069621568
Assam,2019-04-01,36.36029531844986,126.36057941597608
Manipur,2019-04-01,37.21461166512687,64.01131757664525
Meghalaya,2019-04-01,20.139042610623815,136.84679758979127
Mizoram,2019-04-01,30.214946051551316,98.74311982495136
Nagaland,2019-04-01,28.348220062975578,139.45522268940914
Tripura,2019-04-01,24.442156209414605,129.98552559473154
Punjab,2019-05-01,22.397307346673657,92.52135044692335
Haryana,2019-05-01,26.75230342807256,52.24693083201174
Rajasthan,2019-05-01,38.858194078250385,76.8677359384946
Delhi,2019-05-01,26.464058640415104,104.16342146608669
UP,2019-05-01,30.37581243486732,113.34782198261473
Uttarakhand,2019-05-01,34.060379177903556,75.78876854332023
HP,2019-05-01,27.27259204758588,63.93560740728241
J&K,2019-05-01,39.435641654419214,133.4930236799299
Chandigarh,2019-05-01,39.24894589884222,148.44021807035523
Chhattisgarh,2019-05-01,25.035645916507285,102.56901823026858
Gujarat,2019-05-01,29.94497011784771,67.16792858483035
MP,2019-05-01,26.017566196335395,77.2307326519369
Maharashtra,2019-05-01,25.696809887549353,51.83906765474667
Goa,2019-05-01,20.737738947090655,141.4298806560499
DNH,2019-05-01,32.19128667959794,61.77510828901411
Andhra Pradesh,2019-05-01,30.05358046457723,107.65164755142536
Telangana,2019-05-01,21.029575024999787,77.4055220687206
Karnataka,2019-05-01,25.57292928473223,105.41780025157934
Kerala,2019-05-01,38.165317719333075,115.14203883518643
Tamil Nadu,2019-05-01,24.79123781333945,132.97418037072015
Pondy,2019-05-01,22.897897441824462,70.64212717606031
Bihar,2019-05-01,29.78905520555126,51.09958286584805
Jharkhand,2019-05-01,39.71300908221201,63.68856300688073
Odisha,2019-05-01,24.84110543023001,140.00186418481053
West Bengal,2019-05-01,33.44271094811757,137.38900775625154
Sikkim,2019-05-01,35.232392306574354,109.74131021703083
Arunachal Pradesh,2019-05-01,24.752750879847994,110.05168604336534
Assam,2019-05-01,34.56432697223719,116.50366745462554
Manipur,2019-05-01,27.355662654385064,67.53712786234496
Meghalaya,2019-05-01,32.64611661187159,141.44119459249598
Mizoram,2019-05-01,32.670594215217896,91.8770524892073
Nagaland,2019-05-01,30.71549368149517,88.31385282494975
Tripura,2019-05-01,21.805795401088165,101.89177052828376
Punjab,2019-06-01,36.70604991178476,54.696596677505504
Haryana,2019-06-01,26.415601299434716,66.62833687560794
Rajasthan,2019-06-01,23.730370207997083,123.80336164263704
Delhi,2019-06-01,20.81550283109528,58.27986679251265
UP,2019-06-01,31.817858863764837,110.31521094663881
Uttarakhand,2019-06-01,33.55128723684565,74.5349109681321
HP,2019-06-01,20.331756578557123,88.92956140419766
J&K,2019-06-01,30.24186116598562,78.86937367706999
Chandigarh,2019-06-01,24.529915503958758,85.56727164649492
Chhattisgarh,2019-06-01,32.903455808188994,121.90459051842456
Gujarat,2019-06-01,23.487328580099827,79.71217156231751
MP,2019-06-01,33.81875476204932,106.64046402968972
Maharashtra,2019-06-01,27.734706926010748,97.60504021990997
Goa,2019-06-01,38.73459977473469,116.36711653626482
DNH,2019-06-01,22.750418882919867,143.68297393247582
Andhra Pradesh,2019-06-01,26.82132702100517,123.25720972102503
Telangana,2019-06-01,22.269470424811782,71.49403785907568
Karnataka,2019-06-01,38.49387236557126,53.118313506128466
Kerala,2019-06-01,37.54678706761962,76.22640442998251
Tamil Nadu,2019-06-01,25.15883255430311,109.50779307002549
Pondy,2019-06-01,33.199680920683576,55.14258134842503
Bihar,2019-06-01,36.34444400402432,99.63662472012363
Jharkhand,2019-06-01,31.10401623198925,109.68428489168892
Odisha,2019-06-01,30.59301156712013,83.42438908169609
West Bengal,2019-06-01,24.837045818009035,127.09122037458219
Sikkim,2019-06-01,21.862055356117985,60.65982531337718
Arunachal Pradesh,2019-06-01,37.944315159066534,57.513778173580874
Assam,2019-06-01,38.00836114326661,122.81887562036033
Manipur,2019-06-01,32.66202914546536,99.54913162061985
Meghalaya,2019-06-01,26.780595820974014,118.84023964277361
Mizoram,2019-06-01,26.984191492253217,93.48273386037462
Nagaland,2019-06-01,34.51911357740479,74.64020332391068
Tripura,2019-06-01,37.94220519905154,131.91023176742
Punjab,2019-07-01,37.741728485302346,129.94158789689794
Haryana,2019-07-01,35.597510917152476,119.46964708544267
Rajasthan,2019-07-01,32.84063292308576,77.21451372299627
Delhi,2019-07-01,21.682799299900978,109.0230666869087
UP,2019-07-01,23.232574281892276,86.09738969400269
Uttarakhand,2019-07-01,37.97108377054158,59.158207332663416
HP,2019-07-01,32.1285811931918,141.73135754622427
J&K,2019-07-01,20.183941032332594,63.68186309189614
Chandigarh,2019-07-01,22.02943085732064,145.02373538208025
Chhattisgarh,2019-07-01,33.27003538216111,94.60057729579557
Gujarat,2019-07-01,20.101231676924375,68.51329288386196
MP,2019-07-01,23.216161028349973,104.1900947378358
Maharashtra,2019-07-01,30.974675787331723,137.29458358764083
Goa,2019-07-01,33.83790395385387,123.22248864095612
DNH,2019-07-01,33.03922519005201,130.65611478614497
Andhra Pradesh,2019-07-01,24.485386189211198,115.87833667107174
Telangana,2019-07-01,34.24358442695072,119.22765645178525
Karnataka,2019-07-01,24.744981749936002,134.91956515653192
Kerala,2019-07-01,26.507993963185356,74.96680088591859
Tamil Nadu,2019-07-01,34.92982810236048,98.94249636431405
Pondy,2019-07-01,32.992657980944294,72.12094418196023
Bihar,2019-07-01,36.98446820988356,148.76680079966468
Jharkhand,2019-07-01,33.15225784600687,144.40593396866132
Odisha,2019-07-01,31.36617206670943,53.94268113685059
West Bengal,2019-07-01,21.87349535656185,120.55751725156884
Sikkim,2019-07-01,27.35431606118867,142.52483174156657
Arunachal Pradesh,2019-07-01,25.30404735363451,68.05753451273335
Assam,2019-07-01,24.87979286758167,106.79452305526294
Manipur,2019-07-01,39.46021109504891,141.54882975880417
Meghalaya,2019-07-01,27.861954493335208,53.394597858579885
Mizoram,2019-07-01,37.84093110354227,119.742026724684
Nagaland,2019-07-01,32.62277251994526,79.73490073725507
Tripura,2019-07-01,35.89622607083297,142.43961953765304
Punjab,2019-08-01,30.052741862103844,147.10582451653676
Haryana,2019-08-01,31.53807769252718,144.4266489113434
Rajasthan,2019-08-01,29.850353876377277,97.42142166574638
Delhi,2019-08-01,23.90485975596089,136.20426509893133
UP,2019-08-01,34.44904230523011,134.45493985350703
Uttarakhand,2019-08-01,25.615447248817116,81.91004732432556
HP,2019-08-01,20.486319328629076,132.89154741506775
J&K,2019-08-01,32.909445918143355,53.700763471549266
Chandigarh,2019-08-01,23.542213588140978,109.6269878482053
Chhattisgarh,2019-08-01,38.80917168705828,73.0008837287703
Gujarat,2019-08-01,39.07857154005175,62.05668857772788
MP,2019-08-01,38.29728780440897,57.695320162920915
Maharashtra,2019-08-01,27.403174005108887,119.62887758781397
Goa,2019-08-01,20.30913233057735,83.9874963768066
DNH,2019-08-01,38.566371251754504,122.47667715287615
Andhra Pradesh,2019-08-01,28.563682966346285,56.53563407989424
Telangana,2019-08-01,39.33309638087339,81.52903378306104
Karnataka,2019-08-01,39.272399541785056,103.94912923753373
Kerala,2019-08-01,37.060189109347206,129.07231648389637
Tamil Nadu,2019-08-01,25.888977841391714,81.87525029320699
Pondy,2019-08-01,27.701954572038506,112.58913764370091
Bihar,2019-08-01,37.02273343033714,138.5977748236187
Jharkhand,2019-08-01,26.338440103125553,111.58631881823047
Odisha,2019-08-01,23.38985493372185,73.29594747536338
West Bengal,2019-08-01,31.136025249167005,52.4400781556538
Sikkim,2019-08-01,38.723095483215616,137.00988739009298
Arunachal Pradesh,2019-08-01,33.920595933499456,52.126941085038716
Assam,2019-08-01,31.4012234017873,137.47016726841994
Manipur,2019-08-01,21.943529875415372,102.8937134027212
Meghalaya,2019-08-01,32.3001445339834,143.90676985128962
Mizoram,2019-08-01,39.801077002085265,129.87832357736653
Nagaland,2019-08-01,22.801680304730482,149.79341105333373
Tripura,2019-08-01,30.366593047274733,85.07118154517102
Punjab,2019-09-01,37.54746143855911,126.71882889311269
Haryana,2019-09-01,34.81537235508409,90.19309136092421
Rajasthan,2019-09-01,33.94031481990536,97.98756203039088
Delhi,2019-09-01,34.049681679742186,112.750546321837
UP,2019-09-01,27.189823024395103,137.36771141863386
Uttarakhand,2019-09-01,25.871836885289866,148.4083469199295
HP,2019-09-01,36.18722310957027,126.82734138645182
J&K,2019-09-01,36.20226789358362,91.77667821673337
Chandigarh,2019-09-01,37.341446371602075,92.13570022770702
Chhattisgarh,2019-09-01,38.26481105112943,123.75823015888915
Gujarat,2019-09-01,30.226847977218757,73.87771457683023
MP,2019-09-01,30.030325893743992,61.04741131313946
Maharashtra,2019-09-01,35.9659035793355,85.46221576407765
Goa,2019-09-01,32.999278615555305,78.72389916540817
DNH,2019-09-01,34.03933754515407,79.63081204559901
Andhra Pradesh,2019-09-01,35.91585338872202,73.36077510499099
Telangana,2019-09-01,37.800106836351326,54.209318963636186
Karnataka,2019-09-01,26.759903137030715,51.78739347334138
Kerala,2019-09-01,27.51165905279888,148.77223897360315
Tamil Nadu,2019-09-01,21.87963879681738,92.77731337358622
Pondy,2019-09-01,31.56560281992348,88.43266471596817
Bihar,2019-09-01,20.71884547593484,117.96472826930699
Jharkhand,2019-09-01,29.311960362649202,71.82538878650641
Odisha,2019-09-01,30.85289269415153,144.99611839502253
West Bengal,2019-09-01,25.730825042565687,128.6345014415552
Sikkim,2019-09-01,31.816665211380215,58.94110023122595
Arunachal Pradesh,2019-09-01,20.610004998780987,91.75807757849284
Assam,2019-09-01,20.746963774984287,137.9118307562165
Manipur,2019-09-01,36.45201121319317,144.473202229141
Meghalaya,2019-09-01,27.20381282822526,96.74015112498697
Mizoram,2019-09-01,22.541210253037697,111.34113892107078
Nagaland,2019-09-01,30.444865201096086,66.70339460920752
Tripura,2019-09-01,35.39987106197222,149.11686261369766
Punjab,2019-10-01,24.316420549936865,73.16717013834435
Haryana,2019-10-01,32.45780951638,144.27317741351257
Rajasthan,2019-10-01,21.70694929987536,114.96466489923685
Delhi,2019-10-01,21.033634423372153,110.77367948788591
UP,2019-10-01,30.62709263136296,101.26885110165085
Uttarakhand,2019-10-01,30.81270243220213,73.06698117177586
HP,2019-10-01,32.74859802996413,67.65280320055084
J&K,2019-10-01,34.52182667445323,72.04862090701754
Chandigarh,2019-10-01,39.517041589250695,68.64382621442545
Chhattisgarh,2019-10-01,30.326006966023904,127.95844735667534
Gujarat,2019-10-01,26.45912945882492,85.01252591667301
MP,2019-10-01,35.90372389537407,55.78426765633964
Maharashtra,2019-10-01,25.416645025241486,146.91026301408112
Goa,2019-10-01,28.779428414112722,138.37858849634256
DNH,2019-10-01,21.56912762684532,142.7752283195213
Andhra Pradesh,2019-10-01,20.50701486830915,149.49078226464354
Telangana,2019-10-01,39.2529682935585,67.38952492194873
Karnataka,2019-10-01,36.71960241024412,89.62420189026588
Kerala,2019-10-01,33.919484121873964,125.82384757040913
Tamil Nadu,2019-10-01,28.179058888285397,119.60206180537922
Pondy,2019-10-01,23.465886401416917,65.3895906339855
Bihar,2019-10-01,23.12874085342172,131.58331249906178
Jharkhand,2019-10-01,25.004857963291904,72.44405718366608
Odisha,2019-10-01,30.984533294122407,72.3817614822623
West Bengal,2019-10-01,34.29191845400125,103.69744228934135
Sikkim,2019-10-01,33.203947534354626,109.29399348417031
Arunachal Pradesh,2019-10-01,25.598677938918858,108.00862078378111
Assam,2019-10-01,39.097305613263885,59.148683739775485
Manipur,2019-10-01,34.75793833391537,137.74608626303802
Meghalaya,2019-10-01,31.087081050228015,76.5600042588706
Mizoram,2019-10-01,32.234414924687044,62.95149212828042
Nagaland,2019-10-01,28.3920012485558,138.87480798689774
Tripura,2019-10-01,24.95461979002315,145.56514982297534
Punjab,2019-11-01,27.119453573025233,136.21276172654507
Haryana,2019-11-01,35.15692220928738,130.9516074724878
Rajasthan,2019-11-01,20.287869772595116,115.52419806390218
Delhi,2019-11-01,22.321452810138325,105.08573706091393
UP,2019-11-01,20.920052840435055,58.698675991141016
Uttarakhand,2019-11-01,20.814576046379404,90.84532130706987
HP,2019-11-01,37.10921168022014,87.2688517012314
J&K,2019-11-01,34.07315718760047,75.97537837603262
Chandigarh,2019-11-01,29.483476581746505,122.3420113688585
Chhattisgarh,2019-11-01,21.95668321302003,99.58757350787708
Gujarat,2019-11-01,29.832317502336647,58.10462159076479
MP,2019-11-01,29.469435415611315,72.01832019498113
Maharashtra,2019-11-01,23.464037398200304,118.32587636595959
Goa,2019-11-01,28.67703298475946,57.61308594903002
DNH,2019-11-01,27.97009468794747,135.12069140487688
Andhra Pradesh,2019-11-01,32.317001961044326,99.51465270139744
Telangana,2019-11-01,32.701873017352874,98.0586577326648
Karnataka,2019-11-01,20.90608019544089,109.24077846595176
Kerala,2019-11-01,27.492252292529425,132.4680965925149
Tamil Nadu,2019-11-01,32.51719831428473,84.78092079021931
Pondy,2019-11-01,30.062725171601755,117.80161525590636
Bihar,2019-11-01,37.12979682376644,106.5731963995791
Jharkhand,2019-11-01,33.1738726323789,76.70282701694214
Odisha,2019-11-01,23.258688541628594,137.8629986355158
West Bengal,2019-11-01,21.411374948008596,129.7426021606928
Sikkim,2019-11-01,32.84838556412631,115.84518346584255
Arunachal Pradesh,2019-11-01,20.530226210832435,135.05817290942417
Assam,2019-11-01,31.715511625469265,136.72942009598023
Manipur,2019-11-01,38.80460482849915,120.83629767150347
Meghalaya,2019-11-01,31.50948355751758,133.70133283636721
Mizoram,2019-11-01,27.763398524130437,119.74714616692836
Nagaland,2019-11-01,32.86576436884707,118.01407717603004
Tripura,2019-11-01,29.165057809830333,111.86113782151844
Punjab,2019-12-01,30.9123357863187,125.27166395576413
Haryana,2019-12-01,38.8292961755305,65.86051052930736
Rajasthan,2019-12-01,27.722052756015486,138.08707591989284
Delhi,2019-12-01,39.22381127647829,137.1843527745232
UP,2019-12-01,38.107012839121275,52.924728303455915
Uttarakhand,2019-12-01,23.915822695785927,132.58167505647629
HP,2019-12-01,21.38722601750331,62.88698674734452
J&K,2019-12-01,22.01556002754853,83.51188542591419
Chandigarh,2019-12-01,20.364436513030995,124.35082562916078
Chhattisgarh,2019-12-01,21.88885921511857,66.07598960483082
Gujarat,2019-12-01,33.66013546832714,131.7967024119062
MP,2019-12-01,21.42377296920458,133.2134177957742
Maharashtra,2019-12-01,26.379512605875227,100.74677337608362
Goa,2019-12-01,36.897506219389086,50.638587171683355
DNH,2019-12-01,20.465438714716516,78.70381331749128
Andhra Pradesh,2019-12-01,36.28936965177871,111.69269183757422
Telangana,2019-12-01,25.637095495468,148.11861780274234
Karnataka,2019-12-01,22.363296552433127,113.18135270166684
Kerala,2019-12-01,33.934743307283014,75.98035810641598
Tamil Nadu,2019-12-01,32.57885693559768,113.40057030996113
Pondy,2019-12-01,37.549440270541055,103.99853797158555
Bihar,2019-12-01,34.70142087607772,127.98453951511436
Jharkhand,2019-12-01,36.06961860769697,60.69806388269584
Odisha,2019-12-01,25.64069145142613,126.1027902502028
West Bengal,2019-12-01,23.548790875594456,104.12665786761103
Sikkim,2019-12-01,35.012295032817164,146.29920038589947
Arunachal Pradesh,2019-12-01,36.136694785345284,84.1872166038686
Assam,2019-12-01,39.81010284001347,113.26218931339481
Manipur,2019-12-01,28.25235353822853,143.20281055100173
Meghalaya,2019-12-01,27.440361715855666,60.250972799067924
Mizoram,2019-12-01,35.528259214839935,143.72284872364511
Nagaland,2019-12-01,26.816070805060356,118.78857223008133
Tripura,2019-12-01,38.61514651207129,56.78370591051719
Punjab,2020-01-01,37.16825503686024,80.09635669468162
Haryana,2020-01-01,28.579880547500366,120.81720886452815
Rajasthan,2020-01-01,35.017421355829946,56.73506014687717
Delhi,2020-01-01,35.09085748169365,108.21704601762733
UP,2020-01-01,22.062477376718654,84.58830569529567
Uttarakhand,2020-01-01,38.05105813359133,112.0915517767477
HP,2020-01-01,30.105047448957144,54.57420338125129
J&K,2020-01-01,36.52914932215484,137.15368061523765
Chandigarh,2020-01-01,26.400992020612236,147.3488969177397
Chhattisgarh,2020-01-01,37.91046456992401,146.88778552856917
Gujarat,2020-01-01,27.784033574683264,124.96518317429248
MP,2020-01-01,20.216753029605968,63.0086240130632
Maharashtra,2020-01-01,38.10763952838528,125.82631959290225
Goa,2020-01-01,21.82573353572267,52.45869164588015
DNH,2020-01-01,26.3862727518083,52.212355152899725
Andhra Pradesh,2020-01-01,39.0012393410161,82.36102191495412
Telangana,2020-01-01,39.012142938751126,98.86431904046657
Karnataka,2020-01-01,31.46875776246572,127.04074178077931
Kerala,2020-01-01,32.63674424339598,118.32953766065052
Tamil Nadu,2020-01-01,28.968910439566393,94.59027063767483
Pondy,2020-01-01,25.86421543396129,77.36266662816658
Bihar,2020-01-01,26.57329090739832,149.7124500157711
Jharkhand,2020-01-01,33.45036912154077,92.61813022359729
Odisha,2020-01-01,35.047490588753604,95.13870243296755
West Bengal,2020-01-01,35.83158087451697,66.36238211916691
Sikkim,2020-01-01,35.79236285589108,129.48095487499293
Arunachal Pradesh,2020-01-01,21.824122060973806,119.36822257814886
Assam,2020-01-01,29.88840609405163,72.07696127887604
Manipur,2020-01-01,21.151175200332887,58.238104561584265
Meghalaya,2020-01-01,30.990577646474712,118.0499302074713
Mizoram,2020-01-01,28.83061002746754,115.45112142811352
Nagaland,2020-01-01,37.754083655166,77.32595269982093
Tripura,2020-01-01,27.018300251041573,145.08635622504102
Punjab,2020-02-01,22.341340328552118,65.10578917809002
Haryana,2020-02-01,22.859833641056717,93.2334801042602
Rajasthan,2020-02-01,35.23021263434944,144.3615920167599
Delhi,2020-02-01,32.36436126632522,91.97273169261223
UP,2020-02-01,22.022453522455805,113.85259476640856
Uttarakhand,2020-02-01,21.682136122299948,89.75943979627942
HP,2020-02-01,34.0193826291824,77.421520234867
J&K,2020-02-01,21.45526012728387,148.39776479598282
Chandigarh,2020-02-01,36.437201185807126,90.9334006315043
Chhattisgarh,2020-02-01,34.124844543129925,139.40992036791346
Gujarat,2020-02-01,21.626975612837995,72.99546058910862
MP,2020-02-01,21.69675428170384,71.31047040250833
Maharashtra,2020-02-01,39.73279157002351,53.11340828845113
Goa,2020-02-01,27.485415915122406,115.1666825375885
DNH,2020-02-01,27.412842941337818,86.85263437237612
Andhra Pradesh,2020-02-01,36.25599134515005,136.4358249839637
Telangana,2020-02-01,38.94497154767717,97.32099066915572
Karnataka,2020-02-01,39.720021276457416,146.81934279147217
Kerala,2020-02-01,35.067563705178834,68.55255157031212
Tamil Nadu,2020-02-01,27.525191710618316,136.86231679556107
Pondy,2020-02-01,21.670014333973377,127.65968527917417
Bihar,2020-02-01,35.542938318548735,127.0921844644052
Jharkhand,2020-02-01,31.1680849947161,134.47832281168877
Odisha,2020-02-01,28.484440184939526,126.10239909429988
West Bengal,2020-02-01,38.12708770189472,112.62203216314154
Sikkim,2020-02-01,22.223949646123028,63.12448776823876
Arunachal Pradesh,2020-02-01,29.852502085817182,53.252617949125195
Assam,2020-02-01,20.227072895348382,142.0847847815687
Manipur,2020-02-01,29.373212839882527,111.6650314520738
Meghalaya,2020-02-01,21.126065513636746,129.65372909761763
Mizoram,2020-02-01,22.376358325361437,98.15223515125501
Nagaland,2020-02-01,22.350524935542097,61.73081889623945
Tripura,2020-02-01,32.984206042321276,62.51857922025504
Punjab,2020-03-01,34.92089758530847,118.55652872289714
Haryana,2020-03-01,31.667375301943192,93.03058948994627
Rajasthan,2020-03-01,39.24345096949084,70.05247267003367
Delhi,2020-03-01,27.49741159047408,99.15945467414369
UP,2020-03-01,25.714241725637216,56.42089370751341
Uttarakhand,2020-03-01,37.3719825637892,108.19714019143987
HP,2020-03-01,24.47191677038905,76.89934044350977
J&K,2020-03-01,39.264450788812226,129.75591006371883
Chandigarh,2020-03-01,20.243089493796326,81.03619589235737
Chhattisgarh,2020-03-01,39.397576534152776,95.52201490818013
Gujarat,2020-03-01,20.863198239011524,51.162053990810065
MP,2020-03-01,37.82286227396142,57.244688779455885
Maharashtra,2020-03-01,30.554022181725998,89.24935564066848
Goa,2020-03-01,39.85929592238601,97.99388347171235
DNH,2020-03-01,21.475931294707976,110.00205481193038
Andhra Pradesh,2020-03-01,31.077085688026415,79.16625787093032
Telangana,2020-03-01,39.38605071238198,119.49818861265426
Karnataka,2020-03-01,30.461956883402976,136.01223971892045
Kerala,2020-03-01,32.58797276270525,127.98509888933498
Tamil Nadu,2020-03-01,33.914973779692346,53.961882534835716
Pondy,2020-03-01,29.090821295355465,98.0506947257829
Bihar,2020-03-01,32.55116160168127,60.49301784181749
Jharkhand,2020-03-01,31.686286238462003,74.20450158625275
Odisha,2020-03-01,38.02316020981978,148.66625932671465
West Bengal,2020-03-01,20.908927606829156,64.24955429015132
Sikkim,2020-03-01,25.619263791844606,99.88881534513561
Arunachal Pradesh,2020-03-01,39.008229681531176,111.81557343181191
Assam,2020-03-01,37.80527567781833,120.2464970544104
Manipur,2020-03-01,29.11313505571426,105.96486834869141
Meghalaya,2020-03-01,32.40265195603074,50.97708474191837
Mizoram,2020-03-01,25.54762365962265,82.6461308243992
Nagaland,2020-03-01,23.762423194475225,101.77116433847115
Tripura,2020-03-01,29.273968098799642,58.786649914483334
Punjab,2020-04-01,27.067044560521055,85.06269312091808
Haryana,2020-04-01,31.67312223701744,53.320310879136656
Rajasthan,2020-04-01,21.554692739299696,57.85784971550208
Delhi,2020-04-01,39.487896153323334,89.6923276201596
UP,2020-04-01,39.72421488959206,63.271575404306034
Uttarakhand,2020-04-01,33.9632342803949,106.75408482615582
HP,2020-04-01,30.72192732688241,118.94649691372658
J&K,2020-04-01,26.190552325726557,130.0586699109083
Chandigarh,2020-04-01,36.27590039413897,70.01502442448101
Chhattisgarh,2020-04-01,33.69462345107759,66.74825822590698
Gujarat,2020-04-01,23.252338786897827,60.45678403344002
MP,2020-04-01,38.21854368987685,113.64302495436367
Maharashtra,2020-04-01,36.45074485846338,120.64757264869012
Goa,2020-04-01,38.99599826583848,53.158614482564204
DNH,2020-04-01,34.5143901677672,143.62122462436898
Andhra Pradesh,2020-04-01,32.2683039187158,55.19712836514724
Telangana,2020-04-01,28.364860725812377,104.12963353010704
Karnataka,2020-04-01,38.65456966708027,120.90605194509165
Kerala,2020-04-01,37.32127779000817,137.09691237460856
Tamil Nadu,2020-04-01,20.904373402123788,121.40869321324278
Pondy,2020-04-01,20.52733948994504,130.17280830697916
Bihar,2020-04-01,27.52926733756099,83.94501925428061
Jharkhand,2020-04-01,36.21106661563665,131.4825113746512
Odisha,2020-04-01,39.74552258629889,58.011484638467515
West Bengal,2020-04-01,23.008337822070565,139.48166560605276
Sikkim,2020-04-01,31.8826143070427,104.75923761537362
Arunachal Pradesh,2020-04-01,27.61781713262043,131.72977699624937
Assam,2020-04-01,39.398287956292066,95.23182845183001
Manipur,2020-04-01,36.84237846271417,114.35776951965249
Meghalaya,2020-04-01,36.76657409422276,102.64026609361133
Mizoram,2020-04-01,29.373863195899403,123.15895217553319
Nagaland,2020-04-01,28.296390046753302,58.16299820305896
Tripura,2020-04-01,25.468141438614126,56.03520839905638
Punjab,2020-05-01,21.127509933018544,74.71032340101465
Haryana,2020-05-01,37.29444752510106,65.95446801131884
Rajasthan,2020-05-01,36.258020182601555,137.17835665922019
Delhi,2020-05-01,39.99435346572261,71.92139873580443
UP,2020-05-01,39.93273674147811,147.58652558191312
Uttarakhand,2020-05-01,31.10863411205255,83.68957917711069
HP,2020-05-01,35.379748303610214,68.21179156886993
J&K,2020-05-01,38.895314597648564,128.9698507142479
Chandigarh,2020-05-01,36.99294781354823,115.87077755008761
Chhattisgarh,2020-05-01,24.94696203486395,99.8195716453139
Gujarat,2020-05-01,29.01088270620187,105.53635509376312
MP,2020-05-01,22.5831883030299,121.92017782722638
Maharashtra,2020-05-01,39.08102054517445,72.84547413312987
Goa,2020-05-01,32.1234926890176,149.6333916056742
DNH,2020-05-01,24.572856110069253,147.4793162146783
Andhra Pradesh,2020-05-01,33.43401368811713,115.03256863469369
Telangana,2020-05-01,32.36256480915792,69.9542450929145
Karnataka,2020-05-01,27.163254360656808,118.02282424312914
Kerala,2020-05-01,22.27115184399258,57.219840897917585
Tamil Nadu,2020-05-01,33.43146391185599,53.06525022058061
Pondy,2020-05-01,30.406154018075867,75.76828885112137
Bihar,2020-05-01,35.44636783471279,96.26229567393163
Jharkhand,2020-05-01,30.403270022239866,136.82725054083807
Odisha,2020-05-01,37.043630006370805,122.7169069766308
West Bengal,2020-05-01,31.03813677548971,124.2706521199981
Sikkim,2020-05-01,31.218759430707728,92.54933344480753
Arunachal Pradesh,2020-05-01,37.533072053166904,84.5934992546963
Assam,2020-05-01,28.06965732424794,87.10387629846028
Manipur,2020-05-01,22.680304569012815,148.7649563736058
Meghalaya,2020-05-01,20.57565352626678,54.01091914124825
Mizoram,2020-05-01,35.10274511347238,136.70314961224486
Nagaland,2020-05-01,32.4061910270693,107.86754085723933
Tripura,2020-05-01,34.08159536198447,93.86154191895905
Punjab,2020-06-01,24.259283230178212,122.52576604151365
Haryana,2020-06-01,22.727429511735394,98.66689414247028
Rajasthan,2020-06-01,20.29089331335764,137.34232380816604
Delhi,2020-06-01,27.011751176131938,140.07018640112585
UP,2020-06-01,31.79835373709266,92.17209268734554
Uttarakhand,2020-06-01,27.844880901994646,77.68277972350515
HP,2020-06-01,28.749498440474582,109.23503285933623
J&K,2020-06-01,38.08317388987497,141.23633456166908
Chandigarh,2020-06-01,26.965109340466007,71.06621890056665
Chhattisgarh,2020-06-01,30.279789783196215,112.29665835634827
Gujarat,2020-06-01,35.67306025482286,113.15602200925206
MP,2020-06-01,27.930855646425403,123.3113022415281
Maharashtra,2020-06-01,32.44173400455747,63.15676851272598
Goa,2020-06-01,37.2472741749349,121.58249646820886
DNH,2020-06-01,38.990412473152844,140.9032520665641
Andhra Pradesh,2020-06-01,22.941469618580758,67.96831088702419
Telangana,2020-06-01,38.53175250322989,73.75433249238776
Karnataka,2020-06-01,29.842325861590766,147.13950940416396
Kerala,2020-06-01,25.164887765979167,68.09769527094898
Tamil Nadu,2020-06-01,29.182715124765224,135.4385093369579
Pondy,2020-06-01,39.60065150570954,99.22778564480348
Bihar,2020-06-01,29.85236187985739,74.7231074403177
Jharkhand,2020-06-01,26.575032205750162,137.07499012725114
Odisha,2020-06-01,32.668017086334515,94.53052550026655
West Bengal,2020-06-01,24.802912375563864,101.48173539296903
Sikkim,2020-06-01,21.51726656217328,85.92333693997656
Arunachal Pradesh,2020-06-01,22.577594438212984,109.29508514349274
Assam,2020-06-01,22.56091677915545,66.35238725850228
Manipur,2020-06-01,23.038053870245886,89.10815366517608
Meghalaya,2020-06-01,22.776543452988204,146.94123223352875
Mizoram,2020-06-01,32.81749489606429,75.81334327011275
Nagaland,2020-06-01,23.637601687982897,115.67366645412922
Tripura,2020-06-01,26.913345666477262,82.51900642246949
Punjab,2020-07-01,37.935768198120236,127.34731256866006
Haryana,2020-07-01,29.479232805257446,63.08736607183498
Rajasthan,2020-07-01,33.35115477042054,146.98210450785447
Delhi,2020-07-01,23.446397424032597,95.37895413836392
UP,2020-07-01,23.845780376173416,73.6050463346464
Uttarakhand,2020-07-01,20.81737232532958,57.349674733001265
HP,2020-07-01,23.37870126144329,66.97579050875407
J&K,2020-07-01,25.57180678063917,101.97739485560177
Chandigarh,2020-07-01,23.540209685534936,83.70031764312863
Chhattisgarh,2020-07-01,21.774050675141112,132.88833658826093
Gujarat,2020-07-01,22.412717422012015,93.08875236618059
MP,2020-07-01,29.215575360654515,74.87142725876299
Maharashtra,2020-07-01,24.12667436811585,111.714498660403
Goa,2020-07-01,27.28539722096151,120.67772168854458
DNH,2020-07-01,30.068345417097138,66.70419079009498
Andhra Pradesh,2020-07-01,33.80789657258731,66.76192162883177
Telangana,2020-07-01,20.78624279682198,53.6671426933543
Karnataka,2020-07-01,35.98820797818085,123.64020150656405
Kerala,2020-07-01,32.558007789818156,116.38045276218051
Tamil Nadu,2020-07-01,21.635180638977438,97.46308757498139
Pondy,2020-07-01,37.47157248213554,134.41704489691972
Bihar,2020-07-01,38.417448010636264,130.56701529500532
Jharkhand,2020-07-01,21.221559197097275,108.53543643967521
Odisha,2020-07-01,25.537552962944076,136.82712805132587
West Bengal,2020-07-01,36.12402559586123,70.58412100367683
Sikkim,2020-07-01,34.96519380767317,61.19196193977279
Arunachal Pradesh,2020-07-01,23.690420387127546,76.97496115169896
Assam,2020-07-01,24.186986466734204,55.70868560893149
Manipur,2020-07-01,27.40944205582764,103.1169528001032
Meghalaya,2020-07-01,29.690459703820427,143.66056922949616
Mizoram,2020-07-01,32.36509543060592,53.934354066850965
Nagaland,2020-07-01,27.378272791395446,62.21099140100268
Tripura,2020-07-01,29.25069432266296,95.21990282834352
Punjab,2020-08-01,34.94941876267513,143.38750175279048
Haryana,2020-08-01,20.733664057811957,81.61561049767505
Rajasthan,2020-08-01,25.048738886880415,100.72348086883925
Delhi,2020-08-01,34.26699171769105,54.15728590503921
UP,2020-08-01,37.904136753743984,64.83432009620888
Uttarakhand,2020-08-01,30.233548842313322,148.6630122958847
HP,2020-08-01,30.642269705306312,146.51186964360454
J&K,2020-08-01,22.14344022679552,50.493998093440965
Chandigarh,2020-08-01,28.948247336469095,145.1811785423239
Chhattisgarh,2020-08-01,30.652345329100463,113.91199378155004
Gujarat,2020-08-01,24.849410072694592,136.79182945200222
MP,2020-08-01,25.38486461898762,95.47398556338591
Maharashtra,2020-08-01,27.545683262092453,101.55960285792503
Goa,2020-08-01,20.401423955554527,98.88465802569202
DNH,2020-08-01,26.441583311663564,116.68642575461044
Andhra Pradesh,2020-08-01,24.22896013993089,63.96512547563129
Telangana,2020-08-01,26.54994704355829,52.997358987267795
Karnataka,2020-08-01,22.395242636385024,80.79299415911909
Kerala,2020-08-01,37.8105456147979,120.46807627366466
Tamil Nadu,2020-08-01,31.871849071080973,70.18534521229483
Pondy,2020-08-01,33.58204638288979,117.34324333249174
Bihar,2020-08-01,35.783424772146766,146.99120461072704
Jharkhand,2020-08-01,29.968843978581145,59.39007157894184
Odisha,2020-08-01,21.738405761748474,117.26021182251263
West Bengal,2020-08-01,30.742130836370954,94.37502193045711
Sikkim,2020-08-01,31.736822360417584,136.81422543775054
Arunachal Pradesh,2020-08-01,34.908789483686604,67.71497894473859
Assam,2020-08-01,28.63319092459359,119.26259522261645
Manipur,2020-08-01,22.551606055911275,133.81152896481103
Meghalaya,2020-08-01,25.67551811597449,144.46142194740233
Mizoram,2020-08-01,27.2616459279727,118.32480282896458
Nagaland,2020-08-01,32.91834482663202,99.71747640084273
Tripura,2020-08-01,31.41556609337824,111.78472402012139
Punjab,2020-09-01,27.121934517956923,136.89049844787183
Haryana,2020-09-01,39.730304975859596,107.06097466388297
Rajasthan,2020-09-01,32.11549638713774,53.03870596968368
Delhi,2020-09-01,24.74453583471989,143.09486955069778
UP,2020-09-01,22.035649452408073,118.95267510315611
Uttarakhand,2020-09-01,23.057182783686642,117.65133857772466
HP,2020-09-01,24.919154567690164,71.56751523977172
J&K,2020-09-01,23.213627465191113,115.88854702326572
Chandigarh,2020-09-01,23.731340481026116,89.38644056541585
Chhattisgarh,2020-09-01,25.70190337387694,115.12329770414921
Gujarat,2020-09-01,23.467471905895096,60.65930303079907
MP,2020-09-01,37.935308492528506,115.7845304603036
Maharashtra,2020-09-01,21.604674913232845,149.94137257706666
Goa,2020-09-01,30.490227791405093,54.8212038860556
DNH,2020-09-01,28.20793653979323,147.71741842213174
Andhra Pradesh,2020-09-01,39.647572338172125,90.69079607228707
Telangana,2020-09-01,22.240778043361047,137.0753450337259
Karnataka,2020-09-01,27.95711198091483,128.23854840582734
Kerala,2020-09-01,39.389408665507375,106.70162609866678
Tamil Nadu,2020-09-01,37.310142517879605,123.84492092513266
Pondy,2020-09-01,36.341441418985596,137.85155613013478
Bihar,2020-09-01,25.158056540898798,90.4140321651033
Jharkhand,2020-09-01,23.417751747801315,82.70331615632387
Odisha,2020-09-01,33.372864398488616,116.75933855635847
West Bengal,2020-09-01,38.587519782551716,130.78459419412587
Sikkim,2020-09-01,31.135257860278596,126.22851347766158
Arunachal Pradesh,2020-09-01,31.432253789397997,129.78136488586347
Assam,2020-09-01,25.599581873205683,93.5583314812933
Manipur,2020-09-01,35.38985866383874,131.78342161750214
Meghalaya,2020-09-01,23.74087497115047,62.02090553706084
Mizoram,2020-09-01,26.473584728084873,104.44890979608496
Nagaland,2020-09-01,28.508728772328336,50.575866049812156
Tripura,2020-09-01,30.1522075736891,82.45858299002703
Punjab,2020-10-01,24.848194648301604,86.64615348713978
Haryana,2020-10-01,22.29673649478407,89.61726916092553
Rajasthan,2020-10-01,32.21240084883265,119.54672066898621
Delhi,2020-10-01,25.772611064805115,88.85581012703457
UP,2020-10-01,31.624764428452245,94.86936226225306
Uttarakhand,2020-10-01,23.087254305484045,73.75441308743274
HP,2020-10-01,29.62280203709635,87.325179162934
J&K,2020-10-01,30.651788651031715,72.72696272631515
Chandigarh,2020-10-01,21.03647073644854,57.31959237684436
Chhattisgarh,2020-10-01,26.732085563878414,110.34485933813778
Gujarat,2020-10-01,22.688293538779483,116.82127985550163
MP,2020-10-01,21.267499409455354,111.94903460096145
Maharashtra,2020-10-01,39.7992046477989,96.34940438005724
Goa,2020-10-01,26.44707689949446,87.97857801792298
DNH,2020-10-01,36.1974889170927,136.33336495718254
Andhra Pradesh,2020-10-01,25.092813095275275,101.9081785136218
Telangana,2020-10-01,33.63005444447859,97.9181877629731
Karnataka,2020-10-01,35.20455719779373,52.56420658064357
Kerala,2020-10-01,31.912774812156886,84.12478276261564
Tamil Nadu,2020-10-01,29.431523771003167,88.0195618785857
Pondy,2020-10-01,28.23681828294537,89.88227808969005
Bihar,2020-10-01,26.977365330859904,108.01723692273322
Jharkhand,2020-10-01,38.59058288495652,103.36025467268784
Odisha,2020-10-01,36.61238815575459,110.79050927934446
West Bengal,2020-10-01,39.300538213330256,126.48832615421283
Sikkim,2020-10-01,22.485944469710894,131.29857387160934
Arunachal Pradesh,2020-10-01,34.617349504072884,121.81230762264944
Assam,2020-10-01,38.76680913642076,145.55236959549347
Manipur,2020-10-01,23.6246613233132,51.82325826763616
Meghalaya,2020-10-01,21.32992534733555,69.57779856835461
Mizoram,2020-10-01,34.82241298580118,50.75628749781421
Nagaland,2020-10-01,31.489462263598238,114.7474714154603
Tripura,2020-10-01,36.83657553516544,139.8030548949987
Punjab,2020-11-01,22.79544753252579,74.34822965762993
Haryana,2020-11-01,35.905346237197804,142.70345447963066
Rajasthan,2020-11-01,24.032546400954892,56.02673902895609
Delhi,2020-11-01,23.27311885731409,143.44360268055144
UP,2020-11-01,23.285315958619858,85.16226872396345
Uttarakhand,2020-11-01,36.29149440462764,60.14208284492165
HP,2020-11-01,33.303944413924,98.58717591863257
J&K,2020-11-01,30.461308495382386,75.6776567720508
Chandigarh,2020-11-01,27.17660968247005,78.48729019619228
Chhattisgarh,2020-11-01,37.544010816262166,80.72899649262865
Gujarat,2020-11-01,27.84890214845271,130.30258978326634
MP,2020-11-01,36.33198878943154,103.91612766752544
Maharashtra,2020-11-01,28.78269817140437,81.13076991560037
Goa,2020-11-01,27.538888588498153,111.03337833109184
DNH,2020-11-01,29.25359571339213,121.61506742231936
Andhra Pradesh,2020-11-01,26.02755748328284,77.26240007335338
Telangana,2020-11-01,34.95218760352502,91.35491015253515
Karnataka,2020-11-01,30.054407801849585,62.18860933369476
Kerala,2020-11-01,24.644253902936345,68.11493495346804
Tamil Nadu,2020-11-01,37.991491465491364,118.11178539649828
Pondy,2020-11-01,27.67782442746423,68.14383476956269
Bihar,2020-11-01,30.871057222279774,102.51633836670601
Jharkhand,2020-11-01,38.12944221929094,120.90462617224327
Odisha,2020-11-01,32.48475991827984,60.687692309474386
West Bengal,2020-11-01,22.337960814167282,106.73122196289034
Sikkim,2020-11-01,38.796642472269504,75.65627837013638
Arunachal Pradesh,2020-11-01,32.55416106142836,146.292687523758
Assam,2020-11-01,26.698112293141723,98.35456467199248
Manipur,2020-11-01,22.785441453267744,130.5992549775158
Meghalaya,2020-11-01,35.88050378540592,105.02265421562618
Mizoram,2020-11-01,32.40145511857027,54.34125328548192
Nagaland,2020-11-01,30.66922183952643,113.31513755940223
Tripura,2020-11-01,37.87785166101915,145.1403342206657
Punjab,2020-12-01,35.77194422449061,110.16118201463311
Haryana,2020-12-01,23.033497594655024,131.91888594267903
Rajasthan,2020-12-01,26.234441355910967,138.4206463348408
Delhi,2020-12-01,24.969782796289316,72.80797719489325
UP,2020-12-01,34.87892585145354,71.20448399082267
Uttarakhand,2020-12-01,20.670648694715588,111.09809888509918
HP,2020-12-01,31.39779369742633,91.10284698067048
J&K,2020-12-01,35.24917371481381,133.98613028667205
Chandigarh,2020-12-01,37.53531273523499,140.0023123398011
Chhattisgarh,2020-12-01,26.841634974318147,85.3421379302718
Gujarat,2020-12-01,36.42514609344026,73.6870558974482
MP,2020-12-01,22.212634739104146,128.0525515243862
Maharashtra,2020-12-01,36.92904583469036,77.48060355481361
Goa,2020-12-01,22.54977324663965,132.26143185136783
DNH,2020-12-01,27.945745811207345,92.37382536487628
Andhra Pradesh,2020-12-01,35.94590731559107,116.75498992914704
Telangana,2020-12-01,22.998348546975475,59.55353138346682
Karnataka,2020-12-01,24.58502790465283,112.3859324676573
Kerala,2020-12-01,34.445051367861325,95.17676787372291
Tamil Nadu,2020-12-01,34.40073073092149,108.66084631754741
Pondy,2020-12-01,32.82295265770595,66.80142077448635
Bihar,2020-12-01,33.878968889342005,123.68737449441821
Jharkhand,2020-12-01,30.854488866951925,136.27970775432286
Odisha,2020-12-01,25.035981178139053,71.67398000907757
West Bengal,2020-12-01,26.913919870078388,59.571455552016175
Sikkim,2020-12-01,23.631954336028514,52.36385860463364
Arunachal Pradesh,2020-12-01,38.169011226672566,114.1971500443266
Assam,2020-12-01,31.66783589532241,110.70940360887808
Manipur,2020-12-01,28.017028335272798,104.669741271407
Meghalaya,2020-12-01,29.240116072882653,73.19470961159755
Mizoram,2020-12-01,38.94566679223631,89.09059959055148
Nagaland,2020-12-01,23.067028062321604,109.4476335186173
Tripura,2020-12-01,31.724596640335946,99.67668588591694
